id,nome,tipo,regiao,endereco,telefone,horario,acesso,publico,fonte,data_consulta,status,observacao,tags
adolescentro,Adolescentro,Ambulatório para adolescentes,Plano Piloto (Asa Sul),"SGAS 605, Lotes 33/34 - Asa Sul",(61) 2017-1991,"Seg a sex, 7h-12h e 13h-18h (exceto feriados)","Encaminhamento pela UBS; no primeiro atendimento, ir com responsável legal",Adolescentes de 12 a 17 anos,"Carta de Serviços SES-DF (info.saude.df.gov.br), seção 3.1",2026-10-08,verificado,Atende todo o DF. Casos moderados de saúde mental.,
hsvp,Hospital São Vicente de Paulo (psiquiatria),Urgência psiquiátrica,Taguatinga,"QSC 01, Área Especial, Setor C Sul, Taguatinga Sul","(61) 2017-1093 (ramais 3623, 3622, 3619, 3658)",Urgência e emergência (ver horário no serviço),Comparecimento espontâneo com documento de identificação; sem documento também é atendido,Urgência em psiquiatria,"Carta de Serviços SES-DF (info.saude.df.gov.br), seção 1.1",2026-10-08,verificado,Conferir por telefone antes de ir.,
ubs,Sua UBS de referência (postinho),UBS,Todo o DF,Consulte a sua UBS no InfoSaúde DF,Varia por unidade,Varia conforme a unidade,Acolhimento garantido a qualquer cidadão; levar documento com foto e Cartão SUS (não exigidos de pessoas em situação de rua),Todas as idades,"Carta de Serviços SES-DF (info.saude.df.gov.br), seção 2",2026-10-08,verificado,"Atende também ansiedade, depressão e saúde mental. A Carta cita atenção à saúde da população LGBT entre as ações das UBS. Busca da UBS: info.saude.df.gov.br",lgbt
caps_riacho_fundo,CAPS II Riacho Fundo,CAPS,Riacho Fundo,"EPNB, km 4, Área Especial s/n, Av. Sucupira, Granja do Riacho Fundo - Riacho Fundo I/DF","(61) 2017-1145, ramais 8094 e 8093","Seg a sex, 7h30-11h e 13h30-17h (quarta à tarde: reunião interna de equipe)",Procura direta ou encaminhamento; priorizar o CAPS da região de moradia,Maiores de 18 anos,Página oficial da unidade (SES-DF): https://www.saude.df.gov.br/caps-ii-riacho-fundo,2026-10-08,verificado,E-mails: s.capsism@gmail.com · g.capsism@gmail.com,
caps_samambaia,CAPS III Samambaia,CAPS III,Samambaia,"QS 302, Conjunto 05, Área, Lote 01, CEP 72300-639",A CONFIRMAR,"Acolhimento, preferencialmente, seg a sex, às 7h (manhã) e às 13h (tarde); horário geral de funcionamento a confirmar",Procura direta ou encaminhamento; priorizar o CAPS da região de moradia,Maiores de 18 anos,Página oficial da unidade (SES-DF): https://www.saude.df.gov.br/caps-iii-samambaia,2026-10-08,confirmar,E-mail: caps.samambaia@gmail.com. A página da unidade não informa telefone nem o horário geral de funcionamento (só o do acolhimento). Página: https://www.saude.df.gov.br/caps-iii-samambaia,
capsi_asa_norte,CAPS i Asa Norte,CAPS i (infantojuvenil),Plano Piloto (Asa Norte),"SMHN, Qd 03, Conjunto 1, Bloco A",(61) 98184-2495,"Seg a sex, 7h-19h",Procura direta ou encaminhamento,Crianças e adolescentes até 18 anos,Página oficial da unidade (SES-DF): https://www.saude.df.gov.br/caps-1-asa-norte,2026-10-08,verificado,E-mail: capsi.asanorte@gmail.com,
hospital_dia,Hospital Dia (Asa Sul),Hospital Dia (IST/HIV e transexualidade),Plano Piloto (Asa Sul),EQS 508/509 - Av. W3 Sul,Não consta na Carta; confirmar,"Seg a sex, 7h-12h e 13h-18h (exceto feriados)","Primeiro atendimento por demanda espontânea, na sala de acolhimento (enfermagem); levar documento de identificação","Pessoas com IST/HIV e demais atendimentos listados na Carta, incluindo o Ambulatório de Transexualidade","Carta de Serviços SES-DF (info.saude.df.gov.br), seção 5",2026-10-08,verificado,"Não é um serviço de saúde mental, mas integra a rede de saúde. A Carta cita ambulatório de transexualidade e PrEP.",lgbt
caps_ii_brasilia,CAPS II Brasília,CAPS,Cruzeiro,"SHCE/Sul, Quadra 1409, Lote 01, Cruzeiro Novo/DF",(61) 92001-7779 · (61) 92001-7782,"Seg a sex, 7h-18h",Procura direta ou encaminhamento; priorizar o CAPS da região de moradia,Maiores de 18 anos,Página oficial da unidade (SES-DF): https://www.saude.df.gov.br/asanorte-brasilia-caps-ii,2026-10-08,verificado,"E-mail: caps2brasilia@gmail.com. A lista oficial agrupa a unidade em Plano Piloto, mas o endereço informado na página é no Cruzeiro Novo.",
caps_iii_gama,CAPS III Gama,CAPS III,Gama,"SNO Q 2 - Ponte Alta Norte (Gama), Brasília - DF, 72427-010",A CONFIRMAR,"Dias úteis, 7h-22h",Procura direta ou encaminhamento; priorizar o CAPS da região de moradia,Maiores de 18 anos,Página oficial da unidade (SES-DF): https://www.saude.df.gov.br/centro-de-atencao-psicossocial-gama-caps-iii,2026-10-08,confirmar,"A página da unidade não informa telefone. E-mail: capsgama.sesdf@gmail.com. Atenção: a página informa funcionamento em dias úteis, das 7h às 22h, enquanto a Carta de Serviços descreve o CAPS III como 24 horas. Confirmar o horário com a unidade antes de divulgar. Página: https://www.saude.df.gov.br/centro-de-atencao-psicossocial-gama-caps-iii",
caps_ad_guara,CAPS AD Guará,CAPS AD (álcool e drogas),Guará,"Guará II, QE 23, BL C, Subsolo, Centro de Saúde do Guará nº 02 - Guará","(61) 2017-1145, ramais 3781, 3782 e 3783","Seg a sex, 7h30-11h e 13h30-17h (quinta à tarde: reunião interna de equipe)",Procura direta ou encaminhamento; priorizar o CAPS da região de moradia,Maiores de 16 anos (álcool e outras drogas),Página oficial da unidade (SES-DF): https://www.saude.df.gov.br/caps-ad-guara,2026-10-08,verificado,E-mail: capsadguara@yahoo.com.br,
caps_ad_ii_itapoa,CAPS AD II Itapoã,CAPS AD (álcool e drogas),Itapoã,"QD 378, Conj. A, Área Especial 04, Del Lago, Itapoã (dentro da Administração do Itapoã)","(61) 3449-5315, ramal 5315 · (61) 99113-0736","Seg a sex, 7h-12h e 13h-18h (exceto feriados)",Procura direta ou encaminhamento; priorizar o CAPS da região de moradia,Maiores de 16 anos (álcool e outras drogas),Página oficial da unidade (SES-DF): https://www.saude.df.gov.br/caps-ad-ii-itapoa,2026-10-08,verificado,"Prioridade de atendimento (nos termos da lei): pessoas com deficiência, idosos com 60 anos ou mais, gestantes, lactantes, pessoas com crianças de colo e obesos.",
caps_ii_paranoa,CAPS II Paranoá,CAPS,Paranoá,"Quadra 02, Conj. K, AE 01, Setor Hospitalar do Paranoá","(61) 2017-1231, ramais 2050 e 2051 · (61) 99103-7790","Seg a sex, 7h-12h e 13h-18h (exceto feriados)",Procura direta ou encaminhamento; priorizar o CAPS da região de moradia,Maiores de 18 anos,Página oficial da unidade (SES-DF): https://www.saude.df.gov.br/caps-ii-paranoa,2026-10-08,verificado,"Acessibilidade (segundo a página): próximo ao Hospital da região leste; paradas de ônibus próximas (restaurante comunitário, fórum); estacionamento com acesso ao hospital; rampa para cadeirantes.",
caps_ii_planaltina,CAPS II Planaltina,CAPS,Planaltina,"Via WL4, Setor Hospitalar Oeste, Planaltina - DF","(61) 2017-1350, ramal 1267","Seg a sex, 7h-12h e 13h-18h (quarta de manhã: reunião de equipe; exceto feriados)",Procura direta ou encaminhamento; priorizar o CAPS da região de moradia,Maiores de 18 anos,Página oficial da unidade (SES-DF): https://www.saude.df.gov.br/caps-ii-planaltina,2026-10-08,verificado,"E-mails: capsplanaltina@gmail.com · caps.planaltina@saude.df.gov.br. A página oficial também traz o celular (61) 998186-4002, que tem um dígito a mais que o padrão (possível erro de digitação no site). Se for ligar, prefira o telefone fixo.",
capsi_recanto,CAPS i Recanto das Emas,CAPS i (infantojuvenil),Recanto das Emas,"Quadra 307, Área Especial (dentro do Centro de Saúde nº 01), Recanto das Emas - DF","(61) 2017-1145, ramal 6001","Seg a sex, 7h-18h (padrão da Carta de Serviços; confirmar na unidade)",Procura direta ou encaminhamento; priorizar o CAPS da região de moradia,Crianças e adolescentes até 18 anos,Página oficial da unidade (SES-DF): https://www.saude.df.gov.br/capsi-recanto-das-emas,2026-10-08,verificado,"E-mail: capsi.cgsre@gmail.com. A página da unidade não informa horário; o Google Maps indica seg a sex, 7h-18h (fonte não oficial), coerente com o padrão da Carta.",
caps_ad_ii_santa_maria,CAPS AD II Santa Maria,CAPS AD (álcool e drogas),Santa Maria,"QR 312, Conjunto H, Casa 12, Santa Maria Norte, Santa Maria/DF",(61) 3449-7478 · (61) 3449-7479,"Seg a sex, 7h-22h",Procura direta ou encaminhamento; priorizar o CAPS da região de moradia,Maiores de 16 anos (álcool e outras drogas),Página oficial da unidade (SES-DF): https://www.saude.df.gov.br/caps-ii-santa-maria,2026-10-08,verificado,"A lista oficial chama a unidade de ""CAPS II Santa Maria"", mas a página dela a descreve como CAPS AD II, para pessoas a partir de 16 anos com necessidades decorrentes do uso de álcool e outras substâncias (a página cita ""CAPS AD Flor de Lótus""). Conferir com a unidade.",
caps_ad_iii_samambaia,CAPS AD III Samambaia,CAPS AD III,Samambaia,"QS 107, Conj. 07, Lotes 3 e 4, Samambaia Sul, Brasília - DF",A CONFIRMAR,24 horas (segundo a página da unidade),Procura direta ou encaminhamento; priorizar o CAPS da região de moradia,Maiores de 16 anos (álcool e outras drogas),Página oficial da unidade (SES-DF): https://www.saude.df.gov.br/caps-ad-tipo-iii-samambaia,2026-10-08,confirmar,A página da unidade não informa telefone nem e-mail. Página: https://www.saude.df.gov.br/caps-ad-tipo-iii-samambaia,
capsi_sobradinho,CAPS i Sobradinho,CAPS i (infantojuvenil),Sobradinho,"Quadra 4, Área Especial 6, Sobradinho - DF, CEP 73025-035","(61) 2017-1145, ramais 2115, 2116 e 2117","Seg a sex, 7h-12h e 13h-18h (terça: reunião de equipe; exceto feriados)","Procura direta ou encaminhamento. Porta aberta às segundas, quartas, quintas e sextas: 8h-11h (manhã) e 14h-17h (tarde)",Crianças e adolescentes até 18 anos,Página oficial da unidade (SES-DF): https://www.saude.df.gov.br/capsi-sobradinho,2026-10-08,verificado,"E-mail: capsisobradinho@gmail.com. Também há atendimento interno na unidade de segunda a quinta, das 18h às 22h. A página lista os mesmos ramais da unidade CAPS AD Sobradinho II; conferir ao ligar.",
caps_ad_sobradinho,CAPS AD Sobradinho II,CAPS AD (álcool e drogas),Sobradinho II,"AR 17, Chácara 14, Sobradinho II, Brasília/DF","(61) 2017-1145, ramais 2115, 2116 e 2117 · (61) 99830-4348","Seg a sex, 7h-12h e 13h-18h (quinta à tarde: reunião de equipe; exceto feriados)",Procura direta ou encaminhamento; priorizar o CAPS da região de moradia,Maiores de 16 anos (álcool e outras drogas),Página oficial da unidade (SES-DF): https://www.saude.df.gov.br/caps-ad-sobradinho,2026-10-08,verificado,"E-mails: apsad.sob@saude.df.gov.br · capsadsobradinho2@gmail.com. A página da unidade infantojuvenil de Sobradinho lista os mesmos ramais (2115, 2116 e 2117); conferir ao ligar.",
capsi_taguatinga,CAPS i Taguatinga,CAPS i (infantojuvenil),Taguatinga,"QNF, Área Especial nº 24 - Taguatinga Norte, CEP 72125-750","(61) 2017-1145, ramal 4260 · (61) 99124-2067","Seg a sex, 7h-18h (exceto feriados)",Procura direta ou encaminhamento; priorizar o CAPS da região de moradia,Crianças e adolescentes até 18 anos,Página oficial da unidade (SES-DF): https://www.saude.df.gov.br/capsi-taguatinga,2026-10-08,verificado,E-mail: capsitaguatinga@gmail.com,
caps_ii_taguatinga,CAPS II Taguatinga,CAPS,Taguatinga,A CONFIRMAR,(61) 3345-6679 · (61) 3345-6680 · (61) 99294-0377,"Seg a sex, 7h-18h",Procura direta ou encaminhamento; priorizar o CAPS da região de moradia,Maiores de 18 anos,Página oficial da unidade (SES-DF): https://www.saude.df.gov.br/caps-ii-taguatinga,2026-10-08,confirmar,E-mail: capsii.dirase-tag@saude.df.gov.br. A página da unidade não informa o endereço. Página: https://www.saude.df.gov.br/caps-ii-taguatinga,
caps_ad_iii_ceilandia,CAPS AD III Ceilândia,CAPS AD III,Ceilândia,"QNN 01, Conj. A, Lote 45/47, Av. Leste, Ceilândia Norte",(61) 3373-2179 (recepção) · 3373-2182 (acolhimento integral) · 3372-1091 (administrativo),"24 horas, com até 5 vagas de acolhimento noturno",Procura direta ou encaminhamento,"Maiores de 16 anos, com sofrimento decorrente do uso prejudicial de álcool e outras drogas","Carta de Serviços de Saúde Mental da Região de Saúde Oeste (SES-DF; arquivo sem data visível, conferir telefones)",2026-10-08,verificado,Dados do documento da Região Oeste; confirmar telefones antes de ir.,
caps_i_brazlandia,CAPS I Brazlândia,CAPS,Brazlândia,"Quadra 01, Área Especial 02, Setor Veredas, Brazlândia","(61) 2017-1300, ramal 3978","Seg a sex, 7h-12h e 13h-18h (quintas são destinadas ao público infantil)","Demanda espontânea (pessoalmente) ou encaminhamento; documentos listados na Carta (RG, CPF, Cartão SUS se houver, comprovante de residência)","Crianças (a partir de 25 meses), adolescentes e adultos com sofrimento psíquico intenso e persistente, incluindo uso de álcool e outras drogas","Carta de Serviços de Saúde Mental da Região de Saúde Oeste (SES-DF; arquivo sem data visível, conferir telefones)",2026-10-08,verificado,Dados do documento da Região Oeste; confirmar telefones e horários antes de ir.,
pav_flor_de_lotus,PAV Flor de Lótus (Hospital Regional de Ceilândia),Atendimento a vítimas de violência,Ceilândia,"Ambulatório II do Hospital Regional de Ceilândia (HRC), salas 40 e 41 - QNM 27, Área Especial 01","(61) 3371-3018, ramal 3155","Seg a sex, 7h-18h (exceto feriados)","Demanda espontânea ou encaminhamento por e-mail; depois, aguardar contato telefônico para agendar o acolhimento",Mulheres vítimas de violência sexual e doméstica; crianças e adolescentes vítimas de violência sexual e maus-tratos,"Carta de Serviços de Saúde Mental da Região de Saúde Oeste (SES-DF; arquivo sem data visível, conferir telefones)",2026-10-08,verificado,Atende a Região Oeste (Ceilândia e Brazlândia). Mulheres: atendimento psicológico e social. Conferir contato antes de ir.,
